<annotation>
	<folder>Anh</folder>
	<filename>bacha_15.jpg</filename>
	<path>D:\KhaiPhaDuLieu\Anh\bacha_15.jpg</path>
	<source>
		<database>Unknown</database>
	</source>
	<size>
		<width>640</width>
		<height>640</height>
		<depth>3</depth>
	</size>
	<segmented>0</segmented>
	<object>
		<name>bacha</name>
		<pose>Unspecified</pose>
		<truncated>0</truncated>
		<difficult>0</difficult>
		<bndbox>
			<xmin>91</xmin>
			<ymin>84</ymin>
			<xmax>536</xmax>
			<ymax>327</ymax>
		</bndbox>
	</object>
</annotation>
