<annotation>
	<folder>train</folder>
	<filename>bacha_48.jpg</filename>
	<path>D:\khaiphadulieu\images\train\bacha_48.jpg</path>
	<source>
		<database>Unknown</database>
	</source>
	<size>
		<width>640</width>
		<height>640</height>
		<depth>3</depth>
	</size>
	<segmented>0</segmented>
	<object>
		<name>bacha</name>
		<pose>Unspecified</pose>
		<truncated>0</truncated>
		<difficult>0</difficult>
		<bndbox>
			<xmin>156</xmin>
			<ymin>233</ymin>
			<xmax>445</xmax>
			<ymax>438</ymax>
		</bndbox>
	</object>
</annotation>
