<annotation>
	<folder>Anh</folder>
	<filename>bacha_6.jpg</filename>
	<path>D:\KhaiPhaDuLieu\Anh\bacha_6.jpg</path>
	<source>
		<database>Unknown</database>
	</source>
	<size>
		<width>640</width>
		<height>640</height>
		<depth>3</depth>
	</size>
	<segmented>0</segmented>
	<object>
		<name>bacha</name>
		<pose>Unspecified</pose>
		<truncated>0</truncated>
		<difficult>0</difficult>
		<bndbox>
			<xmin>154</xmin>
			<ymin>182</ymin>
			<xmax>471</xmax>
			<ymax>379</ymax>
		</bndbox>
	</object>
</annotation>
