<annotation>
	<folder>train</folder>
	<filename>bacha_49.jpg</filename>
	<path>D:\khaiphadulieu\images\train\bacha_49.jpg</path>
	<source>
		<database>Unknown</database>
	</source>
	<size>
		<width>640</width>
		<height>640</height>
		<depth>3</depth>
	</size>
	<segmented>0</segmented>
	<object>
		<name>bacha</name>
		<pose>Unspecified</pose>
		<truncated>0</truncated>
		<difficult>0</difficult>
		<bndbox>
			<xmin>187</xmin>
			<ymin>202</ymin>
			<xmax>476</xmax>
			<ymax>456</ymax>
		</bndbox>
	</object>
</annotation>
