<annotation>
	<folder>train</folder>
	<filename>bacha_33.jpg</filename>
	<path>D:\khaiphadulieu\images\train\bacha_33.jpg</path>
	<source>
		<database>Unknown</database>
	</source>
	<size>
		<width>640</width>
		<height>640</height>
		<depth>3</depth>
	</size>
	<segmented>0</segmented>
	<object>
		<name>bacha</name>
		<pose>Unspecified</pose>
		<truncated>0</truncated>
		<difficult>0</difficult>
		<bndbox>
			<xmin>167</xmin>
			<ymin>223</ymin>
			<xmax>412</xmax>
			<ymax>422</ymax>
		</bndbox>
	</object>
</annotation>
