<annotation>
	<folder>train</folder>
	<filename>bacha_45.jpg</filename>
	<path>D:\khaiphadulieu\images\train\bacha_45.jpg</path>
	<source>
		<database>Unknown</database>
	</source>
	<size>
		<width>640</width>
		<height>640</height>
		<depth>3</depth>
	</size>
	<segmented>0</segmented>
	<object>
		<name>bacha</name>
		<pose>Unspecified</pose>
		<truncated>0</truncated>
		<difficult>0</difficult>
		<bndbox>
			<xmin>171</xmin>
			<ymin>201</ymin>
			<xmax>425</xmax>
			<ymax>442</ymax>
		</bndbox>
	</object>
</annotation>
