<annotation>
	<folder>validation</folder>
	<filename>bacha_28.jpg</filename>
	<path>D:\KhaiPhaDuLieu\validation\bacha_28.jpg</path>
	<source>
		<database>Unknown</database>
	</source>
	<size>
		<width>640</width>
		<height>640</height>
		<depth>3</depth>
	</size>
	<segmented>0</segmented>
	<object>
		<name>bacha</name>
		<pose>Unspecified</pose>
		<truncated>0</truncated>
		<difficult>0</difficult>
		<bndbox>
			<xmin>241</xmin>
			<ymin>190</ymin>
			<xmax>507</xmax>
			<ymax>501</ymax>
		</bndbox>
	</object>
</annotation>
