<annotation>
	<folder>train</folder>
	<filename>diepca_37.jpg</filename>
	<path>D:\khaiphadulieu\images\train\diepca_37.jpg</path>
	<source>
		<database>Unknown</database>
	</source>
	<size>
		<width>640</width>
		<height>640</height>
		<depth>3</depth>
	</size>
	<segmented>0</segmented>
	<object>
		<name>diepca</name>
		<pose>Unspecified</pose>
		<truncated>0</truncated>
		<difficult>0</difficult>
		<bndbox>
			<xmin>176</xmin>
			<ymin>96</ymin>
			<xmax>515</xmax>
			<ymax>523</ymax>
		</bndbox>
	</object>
</annotation>
