<annotation>
	<folder>train</folder>
	<filename>dinhlang_36.jpg</filename>
	<path>D:\khaiphadulieu\images\train\dinhlang_36.jpg</path>
	<source>
		<database>Unknown</database>
	</source>
	<size>
		<width>640</width>
		<height>640</height>
		<depth>3</depth>
	</size>
	<segmented>0</segmented>
	<object>
		<name>dinhlang</name>
		<pose>Unspecified</pose>
		<truncated>0</truncated>
		<difficult>0</difficult>
		<bndbox>
			<xmin>13</xmin>
			<ymin>245</ymin>
			<xmax>524</xmax>
			<ymax>552</ymax>
		</bndbox>
	</object>
</annotation>
