<annotation>
	<folder>train</folder>
	<filename>dinhlang_35.jpg</filename>
	<path>D:\khaiphadulieu\images\train\dinhlang_35.jpg</path>
	<source>
		<database>Unknown</database>
	</source>
	<size>
		<width>640</width>
		<height>640</height>
		<depth>3</depth>
	</size>
	<segmented>0</segmented>
	<object>
		<name>dinhlang</name>
		<pose>Unspecified</pose>
		<truncated>0</truncated>
		<difficult>0</difficult>
		<bndbox>
			<xmin>33</xmin>
			<ymin>212</ymin>
			<xmax>537</xmax>
			<ymax>518</ymax>
		</bndbox>
	</object>
</annotation>
