<annotation>
	<folder>train</folder>
	<filename>dinhlang_5.jpg</filename>
	<path>D:\khaiphadulieu\images\train\dinhlang_5.jpg</path>
	<source>
		<database>Unknown</database>
	</source>
	<size>
		<width>640</width>
		<height>640</height>
		<depth>3</depth>
	</size>
	<segmented>0</segmented>
	<object>
		<name>dinhlang</name>
		<pose>Unspecified</pose>
		<truncated>0</truncated>
		<difficult>0</difficult>
		<bndbox>
			<xmin>176</xmin>
			<ymin>87</ymin>
			<xmax>488</xmax>
			<ymax>329</ymax>
		</bndbox>
	</object>
</annotation>
