<annotation>
	<folder>train</folder>
	<filename>dinhlang_21.jpg</filename>
	<path>D:\khaiphadulieu\images\train\dinhlang_21.jpg</path>
	<source>
		<database>Unknown</database>
	</source>
	<size>
		<width>640</width>
		<height>640</height>
		<depth>3</depth>
	</size>
	<segmented>0</segmented>
	<object>
		<name>dinhlang</name>
		<pose>Unspecified</pose>
		<truncated>0</truncated>
		<difficult>0</difficult>
		<bndbox>
			<xmin>80</xmin>
			<ymin>148</ymin>
			<xmax>539</xmax>
			<ymax>549</ymax>
		</bndbox>
	</object>
</annotation>
