<annotation>
	<folder>train</folder>
	<filename>dinhlang_32.jpg</filename>
	<path>D:\khaiphadulieu\images\train\dinhlang_32.jpg</path>
	<source>
		<database>Unknown</database>
	</source>
	<size>
		<width>640</width>
		<height>640</height>
		<depth>3</depth>
	</size>
	<segmented>0</segmented>
	<object>
		<name>dinhlang</name>
		<pose>Unspecified</pose>
		<truncated>0</truncated>
		<difficult>0</difficult>
		<bndbox>
			<xmin>224</xmin>
			<ymin>182</ymin>
			<xmax>446</xmax>
			<ymax>445</ymax>
		</bndbox>
	</object>
</annotation>
