<annotation>
	<folder>train</folder>
	<filename>dinhlang_47.jpg</filename>
	<path>D:\khaiphadulieu\images\train\dinhlang_47.jpg</path>
	<source>
		<database>Unknown</database>
	</source>
	<size>
		<width>640</width>
		<height>640</height>
		<depth>3</depth>
	</size>
	<segmented>0</segmented>
	<object>
		<name>dinhlang</name>
		<pose>Unspecified</pose>
		<truncated>0</truncated>
		<difficult>0</difficult>
		<bndbox>
			<xmin>189</xmin>
			<ymin>82</ymin>
			<xmax>479</xmax>
			<ymax>519</ymax>
		</bndbox>
	</object>
</annotation>
