<annotation>
	<folder>train</folder>
	<filename>dinhlang_6.jpg</filename>
	<path>D:\khaiphadulieu\images\train\dinhlang_6.jpg</path>
	<source>
		<database>Unknown</database>
	</source>
	<size>
		<width>640</width>
		<height>640</height>
		<depth>3</depth>
	</size>
	<segmented>0</segmented>
	<object>
		<name>dinhlang</name>
		<pose>Unspecified</pose>
		<truncated>0</truncated>
		<difficult>0</difficult>
		<bndbox>
			<xmin>93</xmin>
			<ymin>88</ymin>
			<xmax>421</xmax>
			<ymax>274</ymax>
		</bndbox>
	</object>
</annotation>
