<annotation>
	<folder>train</folder>
	<filename>dinhlang_31.jpg</filename>
	<path>D:\khaiphadulieu\images\train\dinhlang_31.jpg</path>
	<source>
		<database>Unknown</database>
	</source>
	<size>
		<width>640</width>
		<height>640</height>
		<depth>3</depth>
	</size>
	<segmented>0</segmented>
	<object>
		<name>dinhlang</name>
		<pose>Unspecified</pose>
		<truncated>0</truncated>
		<difficult>0</difficult>
		<bndbox>
			<xmin>95</xmin>
			<ymin>84</ymin>
			<xmax>639</xmax>
			<ymax>418</ymax>
		</bndbox>
	</object>
</annotation>
