<annotation>
	<folder>train</folder>
	<filename>dinhlang_30.jpg</filename>
	<path>D:\khaiphadulieu\images\train\dinhlang_30.jpg</path>
	<source>
		<database>Unknown</database>
	</source>
	<size>
		<width>640</width>
		<height>640</height>
		<depth>3</depth>
	</size>
	<segmented>0</segmented>
	<object>
		<name>dinhlang</name>
		<pose>Unspecified</pose>
		<truncated>0</truncated>
		<difficult>0</difficult>
		<bndbox>
			<xmin>95</xmin>
			<ymin>154</ymin>
			<xmax>505</xmax>
			<ymax>463</ymax>
		</bndbox>
	</object>
</annotation>
