<annotation>
	<folder>train</folder>
	<filename>hanh_5.jpg</filename>
	<path>D:\khaiphadulieu\images\train\hanh_5.jpg</path>
	<source>
		<database>Unknown</database>
	</source>
	<size>
		<width>640</width>
		<height>640</height>
		<depth>3</depth>
	</size>
	<segmented>0</segmented>
	<object>
		<name>hanh</name>
		<pose>Unspecified</pose>
		<truncated>0</truncated>
		<difficult>0</difficult>
		<bndbox>
			<xmin>162</xmin>
			<ymin>4</ymin>
			<xmax>631</xmax>
			<ymax>618</ymax>
		</bndbox>
	</object>
</annotation>
