<annotation>
	<folder>train</folder>
	<filename>hanh_29.jpg</filename>
	<path>D:\khaiphadulieu\images\train\hanh_29.jpg</path>
	<source>
		<database>Unknown</database>
	</source>
	<size>
		<width>640</width>
		<height>640</height>
		<depth>3</depth>
	</size>
	<segmented>0</segmented>
	<object>
		<name>hanh</name>
		<pose>Unspecified</pose>
		<truncated>0</truncated>
		<difficult>0</difficult>
		<bndbox>
			<xmin>93</xmin>
			<ymin>33</ymin>
			<xmax>582</xmax>
			<ymax>350</ymax>
		</bndbox>
	</object>
</annotation>
