<annotation>
	<folder>train</folder>
	<filename>hung_35.jpg</filename>
	<path>D:\khaiphadulieu\images\train\hung_35.jpg</path>
	<source>
		<database>Unknown</database>
	</source>
	<size>
		<width>640</width>
		<height>640</height>
		<depth>3</depth>
	</size>
	<segmented>0</segmented>
	<object>
		<name>hung</name>
		<pose>Unspecified</pose>
		<truncated>0</truncated>
		<difficult>0</difficult>
		<bndbox>
			<xmin>215</xmin>
			<ymin>148</ymin>
			<xmax>436</xmax>
			<ymax>312</ymax>
		</bndbox>
	</object>
</annotation>
