<annotation>
	<folder>train</folder>
	<filename>hung_41.jpg</filename>
	<path>D:\khaiphadulieu\images\train\hung_41.jpg</path>
	<source>
		<database>Unknown</database>
	</source>
	<size>
		<width>640</width>
		<height>640</height>
		<depth>3</depth>
	</size>
	<segmented>0</segmented>
	<object>
		<name>hung</name>
		<pose>Unspecified</pose>
		<truncated>0</truncated>
		<difficult>0</difficult>
		<bndbox>
			<xmin>100</xmin>
			<ymin>247</ymin>
			<xmax>540</xmax>
			<ymax>521</ymax>
		</bndbox>
	</object>
</annotation>
