<annotation>
	<folder>Anh</folder>
	<filename>hung_15.jpg</filename>
	<path>D:\KhaiPhaDuLieu\Anh\hung_15.jpg</path>
	<source>
		<database>Unknown</database>
	</source>
	<size>
		<width>640</width>
		<height>640</height>
		<depth>3</depth>
	</size>
	<segmented>0</segmented>
	<object>
		<name>hung</name>
		<pose>Unspecified</pose>
		<truncated>0</truncated>
		<difficult>0</difficult>
		<bndbox>
			<xmin>62</xmin>
			<ymin>106</ymin>
			<xmax>598</xmax>
			<ymax>418</ymax>
		</bndbox>
	</object>
</annotation>
