<annotation>
	<folder>Anh</folder>
	<filename>hung_4.jpg</filename>
	<path>D:\KhaiPhaDuLieu\Anh\hung_4.jpg</path>
	<source>
		<database>Unknown</database>
	</source>
	<size>
		<width>640</width>
		<height>640</height>
		<depth>3</depth>
	</size>
	<segmented>0</segmented>
	<object>
		<name>hung</name>
		<pose>Unspecified</pose>
		<truncated>0</truncated>
		<difficult>0</difficult>
		<bndbox>
			<xmin>137</xmin>
			<ymin>165</ymin>
			<xmax>635</xmax>
			<ymax>457</ymax>
		</bndbox>
	</object>
</annotation>
