<annotation>
	<folder>train</folder>
	<filename>hung_31.jpg</filename>
	<path>D:\khaiphadulieu\images\train\hung_31.jpg</path>
	<source>
		<database>Unknown</database>
	</source>
	<size>
		<width>640</width>
		<height>640</height>
		<depth>3</depth>
	</size>
	<segmented>0</segmented>
	<object>
		<name>hung</name>
		<pose>Unspecified</pose>
		<truncated>0</truncated>
		<difficult>0</difficult>
		<bndbox>
			<xmin>172</xmin>
			<ymin>73</ymin>
			<xmax>475</xmax>
			<ymax>376</ymax>
		</bndbox>
	</object>
</annotation>
