<annotation>
	<folder>validation</folder>
	<filename>hung_16.jpg</filename>
	<path>D:\KhaiPhaDuLieu\validation\hung_16.jpg</path>
	<source>
		<database>Unknown</database>
	</source>
	<size>
		<width>640</width>
		<height>640</height>
		<depth>3</depth>
	</size>
	<segmented>0</segmented>
	<object>
		<name>hung</name>
		<pose>Unspecified</pose>
		<truncated>0</truncated>
		<difficult>0</difficult>
		<bndbox>
			<xmin>131</xmin>
			<ymin>2</ymin>
			<xmax>635</xmax>
			<ymax>364</ymax>
		</bndbox>
	</object>
</annotation>
