<annotation>
	<folder>train</folder>
	<filename>hung_38.jpg</filename>
	<path>D:\khaiphadulieu\images\train\hung_38.jpg</path>
	<source>
		<database>Unknown</database>
	</source>
	<size>
		<width>640</width>
		<height>640</height>
		<depth>3</depth>
	</size>
	<segmented>0</segmented>
	<object>
		<name>hung</name>
		<pose>Unspecified</pose>
		<truncated>0</truncated>
		<difficult>0</difficult>
		<bndbox>
			<xmin>194</xmin>
			<ymin>203</ymin>
			<xmax>485</xmax>
			<ymax>447</ymax>
		</bndbox>
	</object>
</annotation>
