<annotation>
	<folder>train</folder>
	<filename>hung_32.jpg</filename>
	<path>D:\khaiphadulieu\images\train\hung_32.jpg</path>
	<source>
		<database>Unknown</database>
	</source>
	<size>
		<width>640</width>
		<height>640</height>
		<depth>3</depth>
	</size>
	<segmented>0</segmented>
	<object>
		<name>hung</name>
		<pose>Unspecified</pose>
		<truncated>0</truncated>
		<difficult>0</difficult>
		<bndbox>
			<xmin>168</xmin>
			<ymin>225</ymin>
			<xmax>471</xmax>
			<ymax>513</ymax>
		</bndbox>
	</object>
</annotation>
