<annotation>
	<folder>train</folder>
	<filename>hung_29.jpg</filename>
	<path>D:\khaiphadulieu\images\train\hung_29.jpg</path>
	<source>
		<database>Unknown</database>
	</source>
	<size>
		<width>640</width>
		<height>640</height>
		<depth>3</depth>
	</size>
	<segmented>0</segmented>
	<object>
		<name>hung</name>
		<pose>Unspecified</pose>
		<truncated>0</truncated>
		<difficult>0</difficult>
		<bndbox>
			<xmin>164</xmin>
			<ymin>160</ymin>
			<xmax>484</xmax>
			<ymax>510</ymax>
		</bndbox>
	</object>
</annotation>
