<annotation>
	<folder>Anh</folder>
	<filename>hung_13.jpg</filename>
	<path>D:\KhaiPhaDuLieu\Anh\hung_13.jpg</path>
	<source>
		<database>Unknown</database>
	</source>
	<size>
		<width>640</width>
		<height>640</height>
		<depth>3</depth>
	</size>
	<segmented>0</segmented>
	<object>
		<name>hung</name>
		<pose>Unspecified</pose>
		<truncated>0</truncated>
		<difficult>0</difficult>
		<bndbox>
			<xmin>145</xmin>
			<ymin>82</ymin>
			<xmax>517</xmax>
			<ymax>501</ymax>
		</bndbox>
	</object>
</annotation>
